{
	"info": {
		"_postman_id": "54f9af1e-28cb-40b4-8d2f-bb0cfc0ca08c",
		"name": "Course selling app",
		"schema": "https://schema.getpostman.com/json/collection/v2.1.0/collection.json",
		"_exporter_id": "5867708"
	},
	"item": [
		{
			"name": "admin",
			"item": [
				{
					"name": "Admin sign up",
					"request": {
						"method": "POST",
						"header": [],
						"body": {
							"mode": "raw",
							"raw": "{\n    \"username\": \"harkirat@gmail.com\",\n    \"password\": \"123456\"\n}",
							"options": {
								"raw": {
									"language": "json"
								}
							}
						},
						"url": {
							"raw": "http://localhost:3000/admin/signup",
							"protocol": "http",
							"host": [
								"localhost"
							],
							"port": "3000",
							"path": [
								"admin",
								"signup"
							]
						}
					},
					"response": []
				},
				{
					"name": "Admin sign in",
					"request": {
						"method": "POST",
						"header": [
							{
								"key": "username",
								"value": "harkirat@gmail.com",
								"type": "text"
							},
							{
								"key": "password",
								"value": "123456",
								"type": "text"
							}
						],
						"url": {
							"raw": "http://localhost:3000/admin/login",
							"protocol": "http",
							"host": [
								"localhost"
							],
							"port": "3000",
							"path": [
								"admin",
								"login"
							]
						}
					},
					"response": []
				},
				{
					"name": "Admin create course",
					"request": {
						"method": "POST",
						"header": [
							{
								"key": "username",
								"value": "harkirat@gmail.com",
								"type": "text"
							},
							{
								"key": "password",
								"value": "123456",
								"type": "text"
							}
						],
						"body": {
							"mode": "raw",
							"raw": "{\n    \"title\": \"Full stack development\",\n    \"description\": \"Full stack dev course by harkirat\",\n    \"price\": 5999,\n    \"imageLink\": \"https://d33g7sdvsfd029.cloudfront.net/subject/2023-01-17-0.3698267942851394.jpg\",\n    \"published\": true\n}",
							"options": {
								"raw": {
									"language": "json"
								}
							}
						},
						"url": {
							"raw": "http://localhost:3000/admin/courses",
							"protocol": "http",
							"host": [
								"localhost"
							],
							"port": "3000",
							"path": [
								"admin",
								"courses"
							]
						}
					},
					"response": []
				},
				{
					"name": "Admin update course",
					"request": {
						"method": "PUT",
						"header": [
							{
								"key": "username",
								"value": "harkirat@gmail.com",
								"type": "text"
							},
							{
								"key": "password",
								"value": "123456",
								"type": "text"
							}
						],
						"body": {
							"mode": "raw",
							"raw": "{\n    \"title\": \"Full stack development new\",\n    \"description\": \"Full stack dev course by harkirat singh\",\n    \"price\": 5999,\n    \"imageLink\": \"https://d33g7sdvsfd029.cloudfront.net/subject/2023-01-17-0.3698267942851394.jpg\",\n    \"published\": true\n}",
							"options": {
								"raw": {
									"language": "json"
								}
							}
						},
						"url": {
							"raw": "http://localhost:3000/admin/courses/123",
							"protocol": "http",
							"host": [
								"localhost"
							],
							"port": "3000",
							"path": [
								"admin",
								"courses",
								"123"
							]
						}
					},
					"response": []
				},
				{
					"name": "Get courses",
					"request": {
						"method": "GET",
						"header": [
							{
								"key": "username",
								"value": "harkirat@gmail.com",
								"type": "text"
							},
							{
								"key": "password",
								"value": "123456",
								"type": "text"
							}
						],
						"url": {
							"raw": "http://localhost:3000/admin/courses/",
							"protocol": "http",
							"host": [
								"localhost"
							],
							"port": "3000",
							"path": [
								"admin",
								"courses",
								""
							]
						}
					},
					"response": []
				}
			]
		},
		{
			"name": "admin-token",
			"item": [
				{
					"name": "Admin sign up",
					"request": {
						"method": "POST",
						"header": [],
						"body": {
							"mode": "raw",
							"raw": "{\n    \"username\": \"harkirat@gmail.com\",\n    \"password\": \"123456\"\n}",
							"options": {
								"raw": {
									"language": "json"
								}
							}
						},
						"url": {
							"raw": "http://localhost:3000/admin/signup",
							"protocol": "http",
							"host": [
								"localhost"
							],
							"port": "3000",
							"path": [
								"admin",
								"signup"
							]
						}
					},
					"response": []
				},
				{
					"name": "Admin sign in",
					"request": {
						"method": "POST",
						"header": [
							{
								"key": "username",
								"value": "harkirat@gmail.com",
								"type": "text"
							},
							{
								"key": "password",
								"value": "123456",
								"type": "text"
							}
						],
						"url": {
							"raw": "http://localhost:3000/admin/login",
							"protocol": "http",
							"host": [
								"localhost"
							],
							"port": "3000",
							"path": [
								"admin",
								"login"
							]
						}
					},
					"response": []
				},
				{
					"name": "Admin create course",
					"request": {
						"auth": {
							"type": "bearer",
							"bearer": [
								{
									"key": "token",
									"value": "",
									"type": "string"
								}
							]
						},
						"method": "POST",
						"header": [
							{
								"key": "username",
								"value": "harkirat@gmail.com",
								"type": "text"
							},
							{
								"key": "Authorization",
								"value": "Bearer ",
								"type": "text"
							}
						],
						"body": {
							"mode": "raw",
							"raw": "{\n    \"title\": \"Full stack development\",\n    \"description\": \"Full stack dev course by harkirat\",\n    \"price\": 5999,\n    \"imageLink\": \"https://d33g7sdvsfd029.cloudfront.net/subject/2023-01-17-0.3698267942851394.jpg\",\n    \"published\": true\n}",
							"options": {
								"raw": {
									"language": "json"
								}
							}
						},
						"url": {
							"raw": "http://localhost:3000/admin/courses",
							"protocol": "http",
							"host": [
								"localhost"
							],
							"port": "3000",
							"path": [
								"admin",
								"courses"
							]
						}
					},
					"response": []
				},
				{
					"name": "Admin update course",
					"request": {
						"method": "PUT",
						"header": [
							{
								"key": "Authorization",
								"value": "Bearer ",
								"type": "text"
							}
						],
						"body": {
							"mode": "raw",
							"raw": "{\n    \"title\": \"Full stack development new\",\n    \"description\": \"Full stack dev course by harkirat singh\",\n    \"price\": 5999,\n    \"imageLink\": \"https://d33g7sdvsfd029.cloudfront.net/subject/2023-01-17-0.3698267942851394.jpg\",\n    \"published\": true\n}",
							"options": {
								"raw": {
									"language": "json"
								}
							}
						},
						"url": {
							"raw": "http://localhost:3000/admin/courses/1",
							"protocol": "http",
							"host": [
								"localhost"
							],
							"port": "3000",
							"path": [
								"admin",
								"courses",
								"1"
							]
						}
					},
					"response": []
				},
				{
					"name": "Get courses",
					"request": {
						"method": "GET",
						"header": [
							{
								"key": "Authorization",
								"value": "Bearer ",
								"type": "text"
							}
						],
						"url": {
							"raw": "http://localhost:3000/admin/courses/",
							"protocol": "http",
							"host": [
								"localhost"
							],
							"port": "3000",
							"path": [
								"admin",
								"courses",
								""
							]
						}
					},
					"response": []
				}
			]
		},
		{
			"name": "User routes",
			"item": [
				{
					"name": "User sign up",
					"request": {
						"method": "POST",
						"header": [],
						"body": {
							"mode": "raw",
							"raw": "{\n    \"username\": \"raman@gmail.com\",\n    \"password\": \"123456\"\n}",
							"options": {
								"raw": {
									"language": "json"
								}
							}
						},
						"url": {
							"raw": "http://localhost:3000/users/signup",
							"protocol": "http",
							"host": [
								"localhost"
							],
							"port": "3000",
							"path": [
								"users",
								"signup"
							]
						}
					},
					"response": []
				},
				{
					"name": "User sign in",
					"request": {
						"method": "POST",
						"header": [
							{
								"key": "username",
								"value": "raman@gmail.com",
								"type": "text"
							},
							{
								"key": "password",
								"value": "123456",
								"type": "text"
							}
						],
						"url": {
							"raw": "http://localhost:3000/users/login",
							"protocol": "http",
							"host": [
								"localhost"
							],
							"port": "3000",
							"path": [
								"users",
								"login"
							]
						}
					},
					"response": []
				},
				{
					"name": "User get courses",
					"request": {
						"method": "GET",
						"header": [
							{
								"key": "username",
								"value": "raman@gmail.com",
								"type": "text"
							},
							{
								"key": "password",
								"value": "123456",
								"type": "text"
							}
						],
						"url": {
							"raw": "http://localhost:3000/users/courses",
							"protocol": "http",
							"host": [
								"localhost"
							],
							"port": "3000",
							"path": [
								"users",
								"courses"
							]
						}
					},
					"response": []
				},
				{
					"name": "User purchase course",
					"request": {
						"method": "POST",
						"header": [
							{
								"key": "username",
								"value": "raman@gmail.com",
								"type": "text"
							},
							{
								"key": "password",
								"value": "123456",
								"type": "text"
							}
						],
						"url": {
							"raw": "http://localhost:3000/users/courses/1688061885461",
							"protocol": "http",
							"host": [
								"localhost"
							],
							"port": "3000",
							"path": [
								"users",
								"courses",
								"1688061885461"
							]
						}
					},
					"response": []
				},
				{
					"name": "User get purchased course",
					"request": {
						"method": "GET",
						"header": [
							{
								"key": "username",
								"value": "raman@gmail.com",
								"type": "text"
							},
							{
								"key": "password",
								"value": "123456",
								"type": "text"
							}
						],
						"url": {
							"raw": "http://localhost:3000/users/purchasedCourses",
							"protocol": "http",
							"host": [
								"localhost"
							],
							"port": "3000",
							"path": [
								"users",
								"purchasedCourses"
							]
						}
					},
					"response": []
				}
			]
		},
		{
			"name": "User token",
			"item": [
				{
					"name": "User sign up",
					"request": {
						"method": "POST",
						"header": [],
						"body": {
							"mode": "raw",
							"raw": "{\n    \"username\": \"raman@gmail.com\",\n    \"password\": \"123456\"\n}",
							"options": {
								"raw": {
									"language": "json"
								}
							}
						},
						"url": {
							"raw": "http://localhost:3000/users/signup",
							"protocol": "http",
							"host": [
								"localhost"
							],
							"port": "3000",
							"path": [
								"users",
								"signup"
							]
						}
					},
					"response": []
				},
				{
					"name": "User sign in",
					"request": {
						"method": "POST",
						"header": [
							{
								"key": "username",
								"value": "raman@gmail.com",
								"type": "text"
							},
							{
								"key": "password",
								"value": "123456",
								"type": "text"
							}
						],
						"url": {
							"raw": "http://localhost:3000/users/login",
							"protocol": "http",
							"host": [
								"localhost"
							],
							"port": "3000",
							"path": [
								"users",
								"login"
							]
						}
					},
					"response": []
				},
				{
					"name": "User get courses",
					"request": {
						"method": "GET",
						"header": [
							{
								"key": "Authorization",
								"value": "Bearer ",
								"type": "text"
							}
						],
						"url": {
							"raw": "http://localhost:3000/users/courses",
							"protocol": "http",
							"host": [
								"localhost"
							],
							"port": "3000",
							"path": [
								"users",
								"courses"
							]
						}
					},
					"response": []
				},
				{
					"name": "User purchase course",
					"request": {
						"method": "POST",
						"header": [
							{
								"key": "Authorization",
								"value": "Bearer ",
								"type": "text"
							}
						],
						"url": {
							"raw": "http://localhost:3000/users/courses/1688061885461",
							"protocol": "http",
							"host": [
								"localhost"
							],
							"port": "3000",
							"path": [
								"users",
								"courses",
								"1688061885461"
							]
						}
					},
					"response": []
				},
				{
					"name": "User get purchased course",
					"request": {
						"method": "GET",
						"header": [
							{
								"key": "Authorization",
								"value": "Bearer ",
								"type": "text"
							}
						],
						"url": {
							"raw": "http://localhost:3000/users/purchasedCourses",
							"protocol": "http",
							"host": [
								"localhost"
							],
							"port": "3000",
							"path": [
								"users",
								"purchasedCourses"
							]
						}
					},
					"response": []
				}
			]
		}
	]
}